"","Category","stdev(amountpaid)"
"1","Accommodation",736.549157329478
"2","Dependant Travel",44.2459518700107
"3","MP Travel",71.3165178855659
"4","Miscellaneous Expenses",956.475967890211
"5","Office Costs",716.851599686027
"6","Staff Travel",71.6013156184246
"7","Staffing",1216.4602639508
"8","Winding Up",741.389492469676
